data1[0], 0x01,
data1[1], 0x01,
data1[2], 0x02,
data1[3], 0x01,
data1[4], 0x00,
data1[5], 0x30,
data1[6], 0x5B,
data1[7], 0x20,
data1[8], 0x01,
data1[9], 0xFF,
data1[10], 0xFF,
data1[11], 0xFF,
data1[12], 0xFF,
data1[13], 0xFF,
data1[14], 0x53,
data1[15], 0xFA,
data1[16], 0xFF,
data1[17], 0xFF,
data1[18], 0xFF,
data1[19], 0xFF,
data1[20], 0xFF,
data1[21], 0xFF,
data1[22], 0xFF,
data1[23], 0xFF,
data1[24], 0xFF,
data1[25], 0xFF,
data1[26], 0xFF,
data1[27], 0xFF,
data1[28], 0xFF,
data1[29], 0xFF,
data1[30], 0xFF,
data1[31], 0xFF,
data1[32], 0xFF,
data1[33], 0xFF,
data1[34], 0xFF,
data1[35], 0xFF,
data1[36], 0xFF,
data1[37], 0xFF,
data1[38], 0xFF,
data1[39], 0xFF,
data1[40], 0xFF,
data1[41], 0xFF,
data1[42], 0xFF,
data1[43], 0xFF,
data1[44], 0xFF,
data1[45], 0xFF,
data1[46], 0xFF,
data1[47], 0xFF,
data1[48], 0xFF,
data1[49], 0xFF,
data1[50], 0xFF,
data1[51], 0xFF,
data1[52], 0xFF,
data1[53], 0xFF,
data1[54], 0xFF,
data1[55], 0xFF,
data1[56], 0xFF,
data1[57], 0xFF,
data1[58], 0xFF,
data1[59], 0xFF,
data1[60], 0xFF,
data1[61], 0xFF,
data1[62], 0xFF,
data1[63], 0xFF,
